{"cameraMode":{"drawMode":0,"name":"Shaded","section":"Shading Mode"},"sceneLighting":false,"audioPlay":false,"sceneViewState":{"showFog":true,"showMaterialUpdate":false,"showSkybox":true,"showFlares":true,"showImageEffects":true,"showParticleSystems":true},"in2DMode":false,"pivot":{"x":6.369850158691406,"y":8.743438720703125,"z":1.753274917602539},"rotation":{"x":-0.0162215419113636,"y":-0.8094775080680847,"z":0.5864997506141663,"w":-0.02238541655242443},"size":36.164024353027347,"orthographic":false}