{"cameraMode":{"drawMode":0,"name":"Shaded","section":"Shading Mode"},"sceneLighting":false,"audioPlay":false,"sceneViewState":{"showFog":true,"showMaterialUpdate":false,"showSkybox":true,"showFlares":true,"showImageEffects":true,"showParticleSystems":true},"in2DMode":false,"pivot":{"x":-0.6731518507003784,"y":0.8092244863510132,"z":5.04846715927124},"rotation":{"x":0.25778308510780337,"y":-0.7415363788604736,"z":0.4191853404045105,"w":0.4560212790966034},"size":2.2691781520843508,"orthographic":false}