{"cameraMode":{"drawMode":0,"name":"Shaded","section":"Shading Mode"},"sceneLighting":false,"audioPlay":false,"sceneViewState":{"showFog":true,"showMaterialUpdate":false,"showSkybox":true,"showFlares":true,"showImageEffects":true,"showParticleSystems":true},"in2DMode":false,"pivot":{"x":-2.4864683151245119,"y":1.6959999799728394,"z":5.630000114440918},"rotation":{"x":0.152752086520195,"y":-0.1819179505109787,"z":0.02861824259161949,"w":0.9709550738334656},"size":2.857883930206299,"orthographic":false}