{"cameraMode":{"drawMode":0,"name":"Shaded","section":"Shading Mode"},"sceneLighting":false,"audioPlay":false,"sceneViewState":{"showFog":true,"showMaterialUpdate":false,"showSkybox":true,"showFlares":true,"showImageEffects":true,"showParticleSystems":true},"in2DMode":false,"pivot":{"x":4.047990798950195,"y":0.5042346715927124,"z":5.564324855804443},"rotation":{"x":0.21393300592899323,"y":-0.7818216681480408,"z":0.457566499710083,"w":0.36554116010665896},"size":2.8659746646881105,"orthographic":false}