{"cameraMode":{"drawMode":0,"name":"Shaded","section":"Shading Mode"},"sceneLighting":false,"audioPlay":false,"sceneViewState":{"showFog":true,"showMaterialUpdate":false,"showSkybox":true,"showFlares":true,"showImageEffects":true,"showParticleSystems":true},"in2DMode":false,"pivot":{"x":6.997547149658203,"y":1.7899999618530274,"z":-0.21484899520874024},"rotation":{"x":0.25778308510780337,"y":-0.7415363788604736,"z":0.4191853404045105,"w":0.4560212790966034},"size":5.025211334228516,"orthographic":false}