{"cameraMode":{"drawMode":0,"name":"Shaded","section":"Shading Mode"},"sceneLighting":false,"audioPlay":false,"sceneViewState":{"showFog":true,"showMaterialUpdate":false,"showSkybox":true,"showFlares":true,"showImageEffects":true,"showParticleSystems":true},"in2DMode":false,"pivot":{"x":5.502272605895996,"y":-4.760397911071777,"z":3.2295541763305666},"rotation":{"x":-0.21102523803710938,"y":-0.5894920229911804,"z":0.16314974427223206,"w":-0.7624629139900208},"size":12.580681800842286,"orthographic":false}