{"cameraMode":{"drawMode":0,"name":"Shaded","section":"Shading Mode"},"sceneLighting":false,"audioPlay":false,"sceneViewState":{"showFog":true,"showMaterialUpdate":false,"showSkybox":true,"showFlares":true,"showImageEffects":true,"showParticleSystems":true},"in2DMode":false,"pivot":{"x":-0.09065818786621094,"y":0.5195827484130859,"z":8.487071990966797},"rotation":{"x":0.16462016105651856,"y":-0.766797661781311,"z":0.21720583736896516,"w":0.5811567902565002},"size":4.286824703216553,"orthographic":false}