{"cameraMode":{"drawMode":0,"name":"Shaded","section":"Shading Mode"},"sceneLighting":false,"audioPlay":false,"sceneViewState":{"showFog":true,"showMaterialUpdate":false,"showSkybox":true,"showFlares":true,"showImageEffects":true,"showParticleSystems":true},"in2DMode":false,"pivot":{"x":-3.904400110244751,"y":1.3730000257492066,"z":2.9179999828338625},"rotation":{"x":-0.1661204695701599,"y":0.6787665486335754,"z":-0.16182424128055573,"w":-0.6967732906341553},"size":0.28399452567100527,"orthographic":false}