{"cameraMode":{"drawMode":0,"name":"Shaded","section":"Shading Mode"},"sceneLighting":false,"audioPlay":false,"sceneViewState":{"showFog":true,"showMaterialUpdate":false,"showSkybox":true,"showFlares":true,"showImageEffects":true,"showParticleSystems":true},"in2DMode":false,"pivot":{"x":-13.421738624572754,"y":-3.3182854652404787,"z":-0.350519061088562},"rotation":{"x":0.23165462911128999,"y":-0.7101453542709351,"z":0.27096471190452578,"w":0.6071308851242065},"size":12.47815227508545,"orthographic":false}