{"cameraMode":{"drawMode":0,"name":"Shaded","section":"Shading Mode"},"sceneLighting":false,"audioPlay":false,"sceneViewState":{"showFog":true,"showMaterialUpdate":false,"showSkybox":true,"showFlares":true,"showImageEffects":true,"showParticleSystems":true},"in2DMode":false,"pivot":{"x":-0.058089494705200198,"y":0.0,"z":-0.06774234771728516},"rotation":{"x":-0.0162215419113636,"y":-0.8094775080680847,"z":0.5864997506141663,"w":-0.02238541655242443},"size":11.035027503967286,"orthographic":false}