{"cameraMode":{"drawMode":0,"name":"Shaded","section":"Shading Mode"},"sceneLighting":false,"audioPlay":false,"sceneViewState":{"showFog":true,"showMaterialUpdate":false,"showSkybox":true,"showFlares":true,"showImageEffects":true,"showParticleSystems":true},"in2DMode":false,"pivot":{"x":-0.9549627304077148,"y":0.24733614921569825,"z":7.554317474365234},"rotation":{"x":0.3832741677761078,"y":0.5002179741859436,"z":-0.26234549283981326,"w":0.7307925224304199},"size":2.8482587337493898,"orthographic":false}