{"cameraMode":{"drawMode":0,"name":"Shaded","section":"Shading Mode"},"sceneLighting":false,"audioPlay":false,"sceneViewState":{"showFog":true,"showMaterialUpdate":false,"showSkybox":true,"showFlares":true,"showImageEffects":true,"showParticleSystems":true},"in2DMode":false,"pivot":{"x":-4.564209938049316,"y":-5.728992462158203,"z":-1.9923875331878663},"rotation":{"x":0.19045419991016389,"y":-0.8031275868415833,"z":0.3386184871196747,"w":0.45171985030174258},"size":12.47815227508545,"orthographic":false}