{"cameraMode":{"drawMode":0,"name":"Shaded","section":"Shading Mode"},"sceneLighting":false,"audioPlay":false,"sceneViewState":{"showFog":true,"showMaterialUpdate":false,"showSkybox":true,"showFlares":true,"showImageEffects":true,"showParticleSystems":true},"in2DMode":false,"pivot":{"x":-0.17865723371505738,"y":0.7888429164886475,"z":0.02657778561115265},"rotation":{"x":-0.027926472947001458,"y":0.7866035103797913,"z":-0.035670168697834018,"w":-0.61579430103302},"size":3.262413263320923,"orthographic":false}