{"cameraMode":{"drawMode":0,"name":"Shaded","section":"Shading Mode"},"sceneLighting":false,"audioPlay":false,"sceneViewState":{"showFog":true,"showMaterialUpdate":false,"showSkybox":true,"showFlares":true,"showImageEffects":true,"showParticleSystems":true},"in2DMode":false,"pivot":{"x":-0.17865723371505738,"y":0.7888429164886475,"z":0.02657778561115265},"rotation":{"x":-0.04002800211310387,"y":0.8506900668144226,"z":-0.06547505408525467,"w":-0.5200358629226685},"size":3.262413263320923,"orthographic":false}