{"cameraMode":{"drawMode":0,"name":"Shaded","section":"Shading Mode"},"sceneLighting":false,"audioPlay":false,"sceneViewState":{"showFog":false,"showMaterialUpdate":false,"showSkybox":false,"showFlares":false,"showImageEffects":false,"showParticleSystems":false},"in2DMode":false,"pivot":{"x":-8.317086219787598,"y":-4.236785411834717,"z":28.52396583557129},"rotation":{"x":0.15556320548057557,"y":-0.24867239594459535,"z":0.04050493985414505,"w":0.9551552534103394},"size":36.91181564331055,"orthographic":false}